[
{
  "model": "auth.user",
  "fields": {
    "password": "pbkdf2_sha256$390000$8rpM47VWrx3VY57oPA9nwW$UKfb+oTVz4C8Sf2oX7zSBO/A5BSYlgSzN90cLwdnTT0=",
    "last_login": "2023-02-02T17:53:19.019Z",
    "is_superuser": true,
    "username": "roger",
    "first_name": "",
    "last_name": "",
    "email": "roger@uft.edu.br",
    "is_staff": true,
    "is_active": true,
    "date_joined": "2022-06-20T14:12:10.234Z",
    "groups": [],
    "user_permissions": []
  }
},
{
  "model": "auth.user",
  "fields": {
    "password": "pbkdf2_sha256$320000$Q0SSAOHY1u1cwMX1nT8tRU$crRFu+8OQm/g82fQ8igQoewA557FK4q7rRP8mguCiec=",
    "last_login": null,
    "is_superuser": false,
    "username": "roger@mail.uft.edu.br",
    "first_name": "",
    "last_name": "",
    "email": "",
    "is_staff": false,
    "is_active": true,
    "date_joined": "2022-06-30T14:08:36.647Z",
    "groups": [],
    "user_permissions": []
  }
},
{
  "model": "auth.user",
  "fields": {
    "password": "pbkdf2_sha256$320000$anGiywDwDcUEvOVJvr0HEH$aYsjX22Nrwv2Zs9h+kYluEIZTuMJjIAF42V/v+Xj7Kc=",
    "last_login": "2022-07-02T02:46:09.457Z",
    "is_superuser": false,
    "username": "rogernogueira",
    "first_name": "Rogerio",
    "last_name": "",
    "email": "rn@gmai.com.br",
    "is_staff": false,
    "is_active": true,
    "date_joined": "2022-07-01T00:26:14.413Z",
    "groups": [],
    "user_permissions": []
  }
},
{
  "model": "auth.user",
  "fields": {
    "password": "pbkdf2_sha256$320000$FGKz06xCRQM0y2E0115dbw$ka7X8bkvPZfb8tucVGwK6kdYyZtXGBHfua1yH6jjoCY=",
    "last_login": null,
    "is_superuser": false,
    "username": "rn",
    "first_name": "sasd",
    "last_name": "",
    "email": "rn@gmail.com",
    "is_staff": false,
    "is_active": true,
    "date_joined": "2022-07-01T00:31:05.737Z",
    "groups": [],
    "user_permissions": []
  }
},
{
  "model": "auth.user",
  "fields": {
    "password": "pbkdf2_sha256$320000$a5TJG7rlAIUoJC4EBBFykj$SWyeX4RURFrdShazJjuvqbyb54cg6Utvh5QeG0DpOu8=",
    "last_login": null,
    "is_superuser": false,
    "username": "nik",
    "first_name": "niks",
    "last_name": "",
    "email": "nik@gmail.com",
    "is_staff": false,
    "is_active": true,
    "date_joined": "2022-07-01T00:37:44.444Z",
    "groups": [],
    "user_permissions": []
  }
},
{
  "model": "auth.user",
  "fields": {
    "password": "pbkdf2_sha256$320000$Mlvz8Tvck3rJ61g8LlHNQz$/8GRQf2pOo66g9EPFpK5SIU9hB3SKa9QYuJHAZcxdUE=",
    "last_login": null,
    "is_superuser": false,
    "username": "nika",
    "first_name": "niks",
    "last_name": "",
    "email": "nik@gmail.com",
    "is_staff": false,
    "is_active": true,
    "date_joined": "2022-07-01T00:39:10.166Z",
    "groups": [],
    "user_permissions": []
  }
},
{
  "model": "auth.user",
  "fields": {
    "password": "pbkdf2_sha256$320000$w4iH9qhHKFe1rtDPUAZgcX$0giK9L1GtRXjfP0THl5u6Bub5E/BcKNixSpYNJSwMuk=",
    "last_login": null,
    "is_superuser": false,
    "username": "nikab",
    "first_name": "niks",
    "last_name": "",
    "email": "nik@gmail.com",
    "is_staff": false,
    "is_active": true,
    "date_joined": "2022-07-01T00:40:35.274Z",
    "groups": [],
    "user_permissions": []
  }
},
{
  "model": "auth.user",
  "fields": {
    "password": "pbkdf2_sha256$320000$7TtUkxo71ZWkmnZISE6kw0$LwibJ2rmrzvhvNd+PD2jsPhXXhzZxhL1MbHc5LW1xLo=",
    "last_login": null,
    "is_superuser": false,
    "username": "kioa",
    "first_name": "kioa",
    "last_name": "",
    "email": "kioa@kioa.com",
    "is_staff": false,
    "is_active": true,
    "date_joined": "2022-07-01T00:45:02.834Z",
    "groups": [],
    "user_permissions": []
  }
},
{
  "model": "sessions.session",
  "pk": "1pzqff4nj72mdu1zn5m3isjbrg5ubhj3",
  "fields": {
    "session_data": ".eJxVjMsOwiAQRf-FtSFMQR4u3fcbCAODVA0kpV0Z_11JutDtPefcF_Nh34rfO61-SezCgJ1-NwzxQXWAdA_11nhsdVsX5EPhB-18bome18P9Oyihl2-NWRupDbhkwQjKBOesnIVsNQlDUoYJXCSZCKeIykYNAaUdjkIBir0_2_k3sQ:1ohtJc:34s5cGiT02YF-49YrmeYRDxJMn0-XQEd_wnAK-6U8fk",
    "expire_date": "2022-10-24T13:59:32.314Z"
  }
},
{
  "model": "sessions.session",
  "pk": "33hdulfmm1jv5yeppwnxfdo9ny9zki29",
  "fields": {
    "session_data": ".eJxVjMsOwiAQRf-FtSFMQR4u3fcbCAODVA0kpV0Z_11JutDtPefcF_Nh34rfO61-SezCgJ1-NwzxQXWAdA_11nhsdVsX5EPhB-18bome18P9Oyihl2-NWRupDbhkwQjKBOesnIVsNQlDUoYJXCSZCKeIykYNAaUdjkIBir0_2_k3sQ:1p1nLy:xSsodcbcnknweTWGNEIh4bGL-_7tNWKvDggvsFTFJ0w",
    "expire_date": "2022-12-18T11:40:14.047Z"
  }
},
{
  "model": "sessions.session",
  "pk": "3dtyyewjqfk5dbyn9siuse3tzatlx2lg",
  "fields": {
    "session_data": ".eJxVjMsOwiAQRf-FtSFMQR4u3fcbCAODVA0kpV0Z_11JutDtPefcF_Nh34rfO61-SezCgJ1-NwzxQXWAdA_11nhsdVsX5EPhB-18bome18P9Oyihl2-NWRupDbhkwQjKBOesnIVsNQlDUoYJXCSZCKeIykYNAaUdjkIBir0_2_k3sQ:1ojOWA:3dTVjvMvw2XSaK6LG8fw7O421ukiujpzMu4cv0QyyJM",
    "expire_date": "2022-10-28T17:30:42.447Z"
  }
},
{
  "model": "sessions.session",
  "pk": "3uoz9trqhhvv0u98bmdu6nw0xw9fo9lx",
  "fields": {
    "session_data": ".eJxVjMsOwiAQRf-FtSFMQR4u3fcbCAODVA0kpV0Z_11JutDtPefcF_Nh34rfO61-SezCgJ1-NwzxQXWAdA_11nhsdVsX5EPhB-18bome18P9Oyihl2-NWRupDbhkwQjKBOesnIVsNQlDUoYJXCSZCKeIykYNAaUdjkIBir0_2_k3sQ:1ojOZ4:uibhU5jbHDFovVYUJBBKRL7bEZ_cPASRytG72qUuql8",
    "expire_date": "2022-10-28T17:33:42.147Z"
  }
},
{
  "model": "sessions.session",
  "pk": "4hpnnlfpbgri9yrkpmfdk3bi3cyw9rhr",
  "fields": {
    "session_data": ".eJxVjMsOwiAQRf-FtSFMQR4u3fcbCAODVA0kpV0Z_11JutDtPefcF_Nh34rfO61-SezCgJ1-NwzxQXWAdA_11nhsdVsX5EPhB-18bome18P9Oyihl2-NWRupDbhkwQjKBOesnIVsNQlDUoYJXCSZCKeIykYNAaUdjkIBir0_2_k3sQ:1p2vwK:YEybEfzjtoLUG49Kik_kqRk4LHbmB48nDe64p6cfq-0",
    "expire_date": "2022-12-21T15:02:28.500Z"
  }
},
{
  "model": "sessions.session",
  "pk": "b4p3q2xll5zzz75b4mdf7pfipyk1d45y",
  "fields": {
    "session_data": ".eJxVjMsOwiAQRf-FtSFMQR4u3fcbCAODVA0kpV0Z_11JutDtPefcF_Nh34rfO61-SezCgJ1-NwzxQXWAdA_11nhsdVsX5EPhB-18bome18P9Oyihl2-NWRupDbhkwQjKBOesnIVsNQlDUoYJXCSZCKeIykYNAaUdjkIBir0_2_k3sQ:1ojOZ3:cX5xa03CClTru0KqF3_Uv301cZlrDc2oeTTp5wplAxU",
    "expire_date": "2022-10-28T17:33:41.725Z"
  }
},
{
  "model": "sessions.session",
  "pk": "bfc148fka5826tbi22a74bhnkh3jtw4z",
  "fields": {
    "session_data": ".eJxVjMsOwiAQRf-FtSFMQR4u3fcbCAODVA0kpV0Z_11JutDtPefcF_Nh34rfO61-SezCgJ1-NwzxQXWAdA_11nhsdVsX5EPhB-18bome18P9Oyihl2-NWRupDbhkwQjKBOesnIVsNQlDUoYJXCSZCKeIykYNAaUdjkIBir0_2_k3sQ:1pFIen:NIQlS2fDI4xc_-ziuJU2kVtMUMtzk2pkn09ZpdPfSY8",
    "expire_date": "2023-01-24T17:43:29.596Z"
  }
},
{
  "model": "sessions.session",
  "pk": "dfe8lb4x92p4lxvxuxj2fm60bloxl3g1",
  "fields": {
    "session_data": ".eJxVjMsOwiAQRf-FtSFMQR4u3fcbCAODVA0kpV0Z_11JutDtPefcF_Nh34rfO61-SezCgJ1-NwzxQXWAdA_11nhsdVsX5EPhB-18bome18P9Oyihl2-NWRupDbhkwQjKBOesnIVsNQlDUoYJXCSZCKeIykYNAaUdjkIBir0_2_k3sQ:1ojOWA:3dTVjvMvw2XSaK6LG8fw7O421ukiujpzMu4cv0QyyJM",
    "expire_date": "2022-10-28T17:30:42.448Z"
  }
},
{
  "model": "sessions.session",
  "pk": "hkk86ziy3kzbk3qb68g4dey9nmelfn4s",
  "fields": {
    "session_data": ".eJxVjMsOwiAQRf-FtSFMQR4u3fcbCAODVA0kpV0Z_11JutDtPefcF_Nh34rfO61-SezCgJ1-NwzxQXWAdA_11nhsdVsX5EPhB-18bome18P9Oyihl2-NWRupDbhkwQjKBOesnIVsNQlDUoYJXCSZCKeIykYNAaUdjkIBir0_2_k3sQ:1pCRi1:W0Hgz4HaknLiYXQB0zAVsZJ6lqrkLrDiKqs2FeJ_Rms",
    "expire_date": "2023-01-16T20:47:01.890Z"
  }
},
{
  "model": "sessions.session",
  "pk": "hy1k70dz666z7uaoqzu5iba0dkvhkl6w",
  "fields": {
    "session_data": ".eJxVjMsOwiAQRf-FtSFMQR4u3fcbCAODVA0kpV0Z_11JutDtPefcF_Nh34rfO61-SezCgJ1-NwzxQXWAdA_11nhsdVsX5EPhB-18bome18P9Oyihl2-NWRupDbhkwQjKBOesnIVsNQlDUoYJXCSZCKeIykYNAaUdjkIBir0_2_k3sQ:1oqaAf:WAYaTd5ghuM6bsfYMQBNWbnHlTaNI5l-na7UBE-UoaM",
    "expire_date": "2022-11-17T13:22:13.580Z"
  }
},
{
  "model": "sessions.session",
  "pk": "jo3m9f0lopobjmw0letam390n8t6mja8",
  "fields": {
    "session_data": ".eJxVjMsOwiAQRf-FtSFMQR4u3fcbCAODVA0kpV0Z_11JutDtPefcF_Nh34rfO61-SezCgJ1-NwzxQXWAdA_11nhsdVsX5EPhB-18bome18P9Oyihl2-NWRupDbhkwQjKBOesnIVsNQlDUoYJXCSZCKeIykYNAaUdjkIBir0_2_k3sQ:1pNdlv:oXYnzY9WtJYq8k54b0dvPMYmv7OiXnNPEeFSyuG9gPY",
    "expire_date": "2023-02-16T17:53:19.110Z"
  }
},
{
  "model": "sessions.session",
  "pk": "luuzvnv949q6nbzv7rutg8c2b3pwmk20",
  "fields": {
    "session_data": ".eJxVjMsOwiAQRf-FtSFMQR4u3fcbCAODVA0kpV0Z_11JutDtPefcF_Nh34rfO61-SezCgJ1-NwzxQXWAdA_11nhsdVsX5EPhB-18bome18P9Oyihl2-NWRupDbhkwQjKBOesnIVsNQlDUoYJXCSZCKeIykYNAaUdjkIBir0_2_k3sQ:1p7I8F:-zdBjkw-lKTMiNpukf8YhKcsAxTIpddConc5DU9G94U",
    "expire_date": "2023-01-02T15:32:47.537Z"
  }
},
{
  "model": "sessions.session",
  "pk": "tlea151tdyhqrrc6ygr642r8gai628ox",
  "fields": {
    "session_data": ".eJxVjMsOwiAQRf-FtSFMQR4u3fcbCAODVA0kpV0Z_11JutDtPefcF_Nh34rfO61-SezCgJ1-NwzxQXWAdA_11nhsdVsX5EPhB-18bome18P9Oyihl2-NWRupDbhkwQjKBOesnIVsNQlDUoYJXCSZCKeIykYNAaUdjkIBir0_2_k3sQ:1ojOVw:3eTJ0z5CSbNp6y51GXWH350QhtPbI0c0uOGL_0oZdcc",
    "expire_date": "2022-10-28T17:30:28.458Z"
  }
},
{
  "model": "sessions.session",
  "pk": "vnwhv8d6efk540mbatd9d5pgxr4mckp6",
  "fields": {
    "session_data": ".eJxVjMsOwiAQRf-FtSFMQR4u3fcbCAODVA0kpV0Z_11JutDtPefcF_Nh34rfO61-SezCgJ1-NwzxQXWAdA_11nhsdVsX5EPhB-18bome18P9Oyihl2-NWRupDbhkwQjKBOesnIVsNQlDUoYJXCSZCKeIykYNAaUdjkIBir0_2_k3sQ:1ojOVt:OJgF-0jWgQDFmYvKSPaSU-cAiyFz4nT5WoK8uAC_OyA",
    "expire_date": "2022-10-28T17:30:25.654Z"
  }
},
{
  "model": "sessions.session",
  "pk": "y5re34eb4nwa5fexix8n4lripu2ivjhs",
  "fields": {
    "session_data": ".eJxVjMsOwiAQRf-FtSFMQR4u3fcbCAODVA0kpV0Z_11JutDtPefcF_Nh34rfO61-SezCgJ1-NwzxQXWAdA_11nhsdVsX5EPhB-18bome18P9Oyihl2-NWRupDbhkwQjKBOesnIVsNQlDUoYJXCSZCKeIykYNAaUdjkIBir0_2_k3sQ:1onm2F:PliBuwLPdGC-GxarsQueomQpgz-s7Qm9s7TgZjBGDn4",
    "expire_date": "2022-11-09T19:25:55.707Z"
  }
},
{
  "model": "website.servico",
  "pk": 1,
  "fields": {
    "nome": "RedCap",
    "descricao": "Sistema de apoio",
    "prioridade": 1
  }
},
{
  "model": "website.servico",
  "pk": 2,
  "fields": {
    "nome": "Cadastro de usuário",
    "descricao": "Cadastrar usuário no redcap",
    "prioridade": 1
  }
},
{
  "model": "website.usuario",
  "pk": 1,
  "fields": {
    "nome": "Rogerio nogueira",
    "email": "rog@uft.edu.br",
    "telefone": "5646465"
  }
},
{
  "model": "website.contato",
  "pk": 1,
  "fields": {
    "nome": "as",
    "email": "asd@sad.vom.br",
    "telefone": "asd",
    "cidade": "asd",
    "mensagem": "asds",
    "status": 0
  }
},
{
  "model": "website.ocorrencia",
  "pk": 1,
  "fields": {
    "solicitacao": "Criação de usuário para acesso ao RedCap",
    "tipo": "redcap",
    "data_abertura": "2022-06-24T21:58:17.584Z",
    "data_atendimento": "2022-06-24T21:57:53Z",
    "data_encerramento": "2022-06-24T21:57:56Z",
    "descricao": "Criar usuário",
    "solicitante": [
      "roger"
    ],
    "atendente": [
      "roger"
    ],
    "servico": [
      1,
      2
    ]
  }
},
{
  "model": "website.ocorrencia",
  "pk": 2,
  "fields": {
    "solicitacao": "Cadastrar projeto no site COMAIS",
    "tipo": "Atualizar pagina web",
    "data_abertura": "2022-06-24T21:59:40.656Z",
    "data_atendimento": "2022-06-24T21:59:15Z",
    "data_encerramento": "2022-06-24T21:59:16Z",
    "descricao": "Adicionar projeto à pagina web",
    "solicitante": [
      "roger"
    ],
    "atendente": [
      "roger"
    ],
    "servico": [
      2
    ]
  }
},
{
  "model": "website.ocorrencia",
  "pk": 3,
  "fields": {
    "solicitacao": "Aquisição",
    "tipo": null,
    "data_abertura": "2022-06-25T22:14:24.058Z",
    "data_atendimento": null,
    "data_encerramento": null,
    "descricao": "ASASD",
    "solicitante": [
      "roger"
    ],
    "atendente": null,
    "servico": [
      1
    ]
  }
},
{
  "model": "website.ocorrencia",
  "pk": 4,
  "fields": {
    "solicitacao": "cadastro",
    "tipo": null,
    "data_abertura": "2022-06-25T22:16:12.095Z",
    "data_atendimento": null,
    "data_encerramento": null,
    "descricao": "asds",
    "solicitante": [
      "roger"
    ],
    "atendente": null,
    "servico": [
      1
    ]
  }
},
{
  "model": "website.ocorrencia",
  "pk": 5,
  "fields": {
    "solicitacao": "Aquisição",
    "tipo": null,
    "data_abertura": "2022-06-25T22:17:29.966Z",
    "data_atendimento": null,
    "data_encerramento": null,
    "descricao": "aSasas",
    "solicitante": [
      "roger"
    ],
    "atendente": null,
    "servico": [
      2
    ]
  }
},
{
  "model": "website.tipoprojeto",
  "pk": 1,
  "fields": {
    "type": "Processamento de Linguagem Natural",
    "filter": "filter-pln"
  }
},
{
  "model": "website.tipoprojeto",
  "pk": 2,
  "fields": {
    "type": "Visão Computacional",
    "filter": "filter-vc"
  }
},
{
  "model": "website.tipoprojeto",
  "pk": 3,
  "fields": {
    "type": "Outros",
    "filter": ".filter-outros"
  }
},
{
  "model": "website.tipoprojeto",
  "pk": 4,
  "fields": {
    "type": "Agricultura de Precisão",
    "filter": ".filter-outros"
  }
},
{
  "model": "website.tipoprojeto",
  "pk": 5,
  "fields": {
    "type": "Analise de sentimentos",
    "filter": "filter-outros"
  }
},
{
  "model": "website.projeto",
  "pk": 1,
  "fields": {
    "name": "Gnos",
    "client": null,
    "title": "Sistema de monitoramento de perfis de redes sociais",
    "date": "2020-07-06",
    "url": "https://www.youtube.com/watch?v=TZQh6d7fH7o&t=2s",
    "description": "Gnos é um painel de monitoramento web, que faz analises de dados advindos das redes sociais para composição de indicadores. Visando aferir o impacto das postagens em um determinado grupo de usuários da rede social onde ocorreu a postagem, ele coleta um conjunto de informações e expõem na forma gráficos interativos, para facilitar a visualização por parte dos interessados em monitorar uma determinada pagina (perfil) de uma rede social.",
    "image1": "images/gnos.png",
    "image2": "",
    "image3": "",
    "user": [
      "roger"
    ],
    "type": [
      1
    ]
  }
},
{
  "model": "website.projeto",
  "pk": 2,
  "fields": {
    "name": "MinerJus",
    "client": null,
    "title": "Solução de apoio à classificação processual com uso de inteligência artificial",
    "date": "2020-04-06",
    "url": "http://comais.uft.edu.br",
    "description": "Ferramenta que classifica os assuntos dos processos judiciais no ato do cadastro da petição inicial, visando garantir maior corretude e celeridade na tramitação do processo eletrônico.",
    "image1": "images/minerjus_resposta.png",
    "image2": "images/minerjus_edited.jpg",
    "image3": "",
    "user": [
      "roger"
    ],
    "type": [
      1
    ]
  }
},
{
  "model": "website.projeto",
  "pk": 3,
  "fields": {
    "name": "SmartReview",
    "client": null,
    "title": "Sistema de clusterização de artigos científicos",
    "date": "2022-07-06",
    "url": "https://youtu.be/LiCRIzbzOvg",
    "description": "Sistema de clusterização de artigos científicos, para apoio no processo de revisão bibliográfica. Cria grupos de artigos científicos usando inteligência artificial, com base no contexto dos artigos.",
    "image1": "images/smartReview_80azGU7.PNG",
    "image2": "images/SmartRevew2_qGI5oXS.PNG",
    "image3": "images/SmartReview3_9sAIhwE.PNG",
    "user": [
      "roger"
    ],
    "type": [
      1
    ]
  }
},
{
  "model": "website.projeto",
  "pk": 4,
  "fields": {
    "name": "Detecção de Ervas Daninhas",
    "client": null,
    "title": "Sistema detecção e georrefereciamento de ervas daninhas.",
    "date": "2020-07-06",
    "url": "http://comais.uft.edu.br",
    "description": "<p class=\"1CorpodeTexto\" style=\"margin: 0cm;\"><span style=\"mso-bidi-font-size: 12.0pt; line-height: 150%;\">No combate a essas plantas invasoras, como por exemplo, capim amargoso, carrapicho e buva, s&atilde;o utilizados herbicidas qu&iacute;micos, muitas vezes com a pulveriza&ccedil;&atilde;o dos defensivos em toda extens&atilde;o do plantio, gerando aumento do custo de produ&ccedil;&atilde;o, poss&iacute;vel contamina&ccedil;&atilde;o ambiental e surgimento de ervas mais resistentes.</span></p>\r\n<p class=\"1CorpodeTexto\" style=\"margin: 0cm;\"><span style=\"mso-bidi-font-size: 12.0pt; line-height: 150%;\">Neste contexto, buscando reduzir o uso de defensivos sem a perda de produtividade, a detec&ccedil;&atilde;o e localiza&ccedil;&atilde;o das ervas daninhas dentro do plantio s&atilde;o fundamentais para o uso mais inteligente e preciso desses agentes qu&iacute;micos. &Eacute; a partir dessas informa&ccedil;&otilde;es associadas &agrave; tecnologia que &eacute; poss&iacute;vel realizar uma pulveriza&ccedil;&atilde;o mais precisa e eficiente.</span></p>",
    "image1": "images/Captura_de_Tela_2021-11-17_as_20.27.41_tb70zJP.png",
    "image2": "images/Captura_de_Tela_2021-11-17_as_20.27.26.png",
    "image3": "",
    "user": [
      "roger"
    ],
    "type": [
      2
    ]
  }
},
{
  "model": "website.projeto",
  "pk": 5,
  "fields": {
    "name": "Detecção de Bezerros",
    "client": null,
    "title": "Sistema de Detecção de Bezerros em piquetes",
    "date": "2020-07-06",
    "url": "http://comais.uft.edu.br",
    "description": "<p>Sistema capaz de detectar bezerros em espa&ccedil;os limitados, utilizando c&acirc;meras PTZ.</p>",
    "image1": "images/5_detecção.jpg",
    "image2": "images/Analise_de_KeyPoints.jpg",
    "image3": "images/7_bezerroDetect.jpg",
    "user": [
      "roger"
    ],
    "type": [
      2
    ]
  }
},
{
  "model": "website.projeto",
  "pk": 6,
  "fields": {
    "name": "Orgam Tracker",
    "client": null,
    "title": "Sistema de rastreamento de transporte de órgão humanos doados.",
    "date": "2020-07-06",
    "url": "http://comais.uft.edu.br",
    "description": "<p>Sistema, que por meio de informa&ccedil;&otilde;es de voos devidamente refinado,&nbsp;&eacute; capaz de rastrear e georreferenciar aeronaves que transportam &oacute;rg&atilde;o humanos para doa&ccedil;&atilde;o.</p>",
    "image1": "images/Captura_de_tela_2021-11-03_184010.png",
    "image2": "images/Captura_de_tela_2021-11-03_184755.png",
    "image3": "images/Organ_tracker.png",
    "user": [
      "roger"
    ],
    "type": [
      3
    ]
  }
},
{
  "model": "website.colaborador",
  "pk": 1,
  "fields": {
    "user": [
      "roger"
    ],
    "name": "ROGÉRIO NOGUEIRA DE SOUSA",
    "url_latters": "http://lattes.cnpq.br/7533983313189933",
    "funcao": "Analista e Pesquisador",
    "url_twitter": "https://twitter.com/roger_nogueira",
    "url_facebook": "https://www.facebook.com/rogerio.nogueira.140",
    "url_instagram": "https://www.instagram.com/roger_nogueira/",
    "url_linkedin": "https://www.linkedin.com/in/rog%C3%A9rio-nogueira-9b304a47/",
    "foto": "images/roger_Ov0hAFC.jpeg",
    "post_date": "2022-07-26T23:53:34.716Z"
  }
},
{
  "model": "website.categoria_publicacao",
  "pk": 1,
  "fields": {
    "name": "Artigo Publicado em Periódico"
  }
},
{
  "model": "website.categoria_publicacao",
  "pk": 2,
  "fields": {
    "name": "Artigo Publicado em Anais de Congresso"
  }
},
{
  "model": "website.categoria_publicacao",
  "pk": 3,
  "fields": {
    "name": "Atividade de Extensão"
  }
},
{
  "model": "website.categoria_publicacao",
  "pk": 4,
  "fields": {
    "name": "Capítulo de Livro"
  }
},
{
  "model": "website.categoria_publicacao",
  "pk": 5,
  "fields": {
    "name": "Certificado"
  }
},
{
  "model": "website.categoria_publicacao",
  "pk": 6,
  "fields": {
    "name": "Trabalho de Conclusão de Curso"
  }
},
{
  "model": "website.categoria_publicacao",
  "pk": 7,
  "fields": {
    "name": "Dissertação de Mestrado"
  }
},
{
  "model": "website.categoria_publicacao",
  "pk": 8,
  "fields": {
    "name": "Livro"
  }
},
{
  "model": "website.categoria_publicacao",
  "pk": 9,
  "fields": {
    "name": "Carta-Patente"
  }
},
{
  "model": "website.categoria_publicacao",
  "pk": 10,
  "fields": {
    "name": "Pedido de Patente"
  }
},
{
  "model": "website.categoria_publicacao",
  "pk": 11,
  "fields": {
    "name": "Prêmio"
  }
},
{
  "model": "website.categoria_publicacao",
  "pk": 12,
  "fields": {
    "name": "Programa de Computador"
  }
},
{
  "model": "website.categoria_publicacao",
  "pk": 13,
  "fields": {
    "name": "Projeto de Qualificação de Doutorado"
  }
},
{
  "model": "website.categoria_publicacao",
  "pk": 14,
  "fields": {
    "name": "Projeto de Qualificação de Mestrado"
  }
},
{
  "model": "website.categoria_publicacao",
  "pk": 15,
  "fields": {
    "name": "Tese de Doutorado"
  }
},
{
  "model": "website.categoria_publicacao",
  "pk": 16,
  "fields": {
    "name": "Produto Educacional"
  }
},
{
  "model": "website.categoria_publicacao",
  "pk": 17,
  "fields": {
    "name": "Manual"
  }
},
{
  "model": "website.categoria_publicacao",
  "pk": 18,
  "fields": {
    "name": "Protocolo"
  }
},
{
  "model": "website.categoria_publicacao",
  "pk": 19,
  "fields": {
    "name": "Relatório Técnico"
  }
},
{
  "model": "website.categoria_publicacao",
  "pk": 20,
  "fields": {
    "name": "Projeto Ad-Hoc"
  }
},
{
  "model": "website.categoria_publicacao",
  "pk": 21,
  "fields": {
    "name": "Apresentação de trabalho"
  }
},
{
  "model": "website.categoria_publicacao",
  "pk": 22,
  "fields": {
    "name": "Texto de jornal, notícia ou revista"
  }
},
{
  "model": "website.publicacao",
  "pk": 1,
  "fields": {
    "user": [
      "roger"
    ],
    "titulo": "RESUMO AUTOMÁTICO DE TEXTOS JURÍDICOS USANDO GRAFOS COM VOCABULÁRIO CONTROLADO E ALGORITMO K-MEANS C",
    "resumo": "<p>O processo judicial eletr&ocirc;nico &eacute; uma realidade no Brasil, onde 70% dos casos novos em todo Poder Judici&aacute;rio s&atilde;o virtuais. Fazer uso adequado desta realidade e aprimor&aacute;-lo &eacute; primordial para dar vaz&atilde;o &agrave; demanda de aproximadamente 25 milh&otilde;es de processos novos por ano. Neste contexto, buscar facilitar o dia a dia dos operadores da justi&ccedil;a brasileira, respons&aacute;veis pelas an&aacute;lises do crescente volume de informa&ccedil;&atilde;o digital presentes nos autos &eacute; primordial para a efici&ecirc;ncia na presta&ccedil;&atilde;o jurisdicional e amplo acesso &agrave; justi&ccedil;a. Usar resumos textos &eacute; uma forma &aacute;gil de se inteirar sobre o assunto do texto, podendo ser um meio de empregar maior agilidade &agrave; tramita&ccedil;&atilde;o processual. Assim esta pesquisa, visa o desenvolvimento de uma ferramenta capaz de gerar automaticamente resumos de textos jur&iacute;dicos, fazendo uso de t&eacute;cnicas de Processamento de Linguagem Natural e teoria de grafos em conjunto com o vocabul&aacute;rio jur&iacute;dico advindo do Supremo Tribunal Federal.</p>\r\n<p>&nbsp;</p>\r\n<p>&nbsp;</p>",
    "ano": 2020,
    "autores": "SOUSA, ROGÉRIO NOGUEIRA DE; PRATA, DAVID NADLER",
    "artigo_upload": "artigos/RTP-01.docx",
    "post_date": "2022-08-03T12:58:39Z",
    "categoria": [
      1
    ]
  }
},
{
  "model": "website.publicacao",
  "pk": 2,
  "fields": {
    "user": [
      "roger"
    ],
    "titulo": "Robot Chow: Automatic Animal Feeding with Intelligent Interface to Monitor Pets.",
    "resumo": "<p>De acordo com &uacute;ltima pesquisa do IBGE, existem mais de 74,3 milh&otilde;es de c&atilde;es e gatos no Brasil, e o maior custo na cria&ccedil;&atilde;o desses animais &eacute; com a ra&ccedil;&atilde;o, devendo ser servida em hor&aacute;rios e quantidades adequadas. Contrapondo isso, no cotidiano dos criadores de animais de estima&ccedil;&atilde;o, n&atilde;o raramente ocorrem imprevistos como reuni&otilde;es, viagens de &uacute;ltima hora, engarrafamento no tr&acirc;nsito, entre outros. Com o prop&oacute;sito de auxiliar &agrave;s dificuldades postas aos criadores de animais dom&eacute;sticos de pequeno porte, este trabalho apresenta a implanta&ccedil;&atilde;o de uma solu&ccedil;&atilde;o denominada RoboBoia, capaz de servir ra&ccedil;&atilde;o granulada e troca de &aacute;gua em hor&aacute;rios e volume pr&eacute;-agendados de acordo com o usu&aacute;rio, podendo monitorar se o mesmo est&aacute; se alimentando. Para isso, o usu&aacute;rio usa mensagens instant&acirc;neas no celular, tendo uma interface de solu&ccedil;&atilde;o que controla as funcionalidades apenas interagindo (&ldquo;conversando&rdquo;) com o aplicativo. A solu&ccedil;&atilde;o al&eacute;m de proporcionar comandos, permite enviar fotos ou ainda notificar se algo est&aacute; fora do normal. Isto, independente de espa&ccedil;o-tempo, bastando apenas acesso &agrave; internet. A solu&ccedil;&atilde;o foi toda desenvolvida em Raspberry pi, usando Python, e integrado aos servi&ccedil;os em nuvem Watson Assistent e Telegram.</p>",
    "ano": 2019,
    "autores": "NOGUEIRA, ROGERIO; ARAÚJO, HUMBERTO ; PRATA, DAVID .",
    "artigo_upload": "artigos/RTP-02_zhwNr7H.pdf",
    "post_date": "2022-08-03T13:05:55Z",
    "categoria": [
      1
    ]
  }
},
{
  "model": "website.publicacao",
  "pk": 3,
  "fields": {
    "user": [
      "roger"
    ],
    "titulo": "MINERJUS: SOLUTION TO THE PROCESSUAL CLASSIFICATION WITH USE OF ARTIFICIAL INTELLIGENCE",
    "resumo": "<p>The electronic judicial process isa reality in Brazil, where 70% of the new cases in all judicialpower are virtual, making proper use of this reality and improving it is paramount to give a flow tothe demand of approximately 25 million new cases per year. This project proposes an improvementin the electronic processes, through the use of Artificial Intelligence, to assist legal operatorsresponsible for registering the initial petition document (creation of the process), as well as thoseresponsible for the analysis, through automatic and assertive suggestion to the subject of theprocess, printing greater agility of procedure and quality in the information contained in theBrazilian judicial records</p>",
    "ano": 2019,
    "autores": "NOGUEIRA, ROGERIO; PRATA, DAVID ;RAMOS, J. D. A.",
    "artigo_upload": "",
    "post_date": "2022-12-19T15:26:01.074Z",
    "categoria": [
      1
    ]
  }
},
{
  "model": "website.publicacao",
  "pk": 4,
  "fields": {
    "user": [
      "roger"
    ],
    "titulo": "Geospatial Dimension in Association Rule Mining: The Case Study of the Amazon Charcoal Tree",
    "resumo": "<p>Despite the potential of association rules to extract knowledge in datasets, the<br>selection of valuable rules has been the specialists&rsquo; big challenge because of the great<br>number of rules generated by association rules&rsquo; algorithms. Unfortunately, for Species<br>Distribution Modeling, researchers and analysts alike has been discourage regarding the<br>efficacy and relative merits to the studies due to the conflicting of results. In this case<br>study, we integrate geoprocessing techniques with association rules to analyze the<br>potential distribution of the charcoal tree species of Amazon, Tachigali Subvelutina. This<br>integration allowed the exploration of a new method to select valuable association rules<br>based not only by frequent item sets, like confidence, support and lift. But also considering<br>the geospatial distribution of the species occurrences. The application of one more<br>dimensional to the measures of the frequent item sets provides a more effective<br>understanding and adequate amount of relevance to represent significant association rules.<br>Further, this new approach can support experts to: identify effective rules, i.e., rules that<br>can be effective used with regression techniques to predict species in geospatial<br>environments; identify variables that play a decisive role to discover the occurrence of<br>species; and evaluate the effectivity of the datasets used for the study to answer the<br>specified scientific questions.</p>",
    "ano": 2020,
    "autores": "SOUSA, ROGÉRIO NOGUEIRA DE; PRATA, DAVID NADLER; ROCHA, MARCELO L.; FERREIRA, LEANDRO O.",
    "artigo_upload": "",
    "post_date": "2022-12-19T15:30:48Z",
    "categoria": [
      4
    ]
  }
},
{
  "model": "website.projetorelatorio",
  "pk": 1,
  "fields": {
    "titulo": "Central QualiTOPAMA - Qualificação das Ações de Vigilância em Saúde, Fortalecimento e Organização da Rede de Saúde Interfederativa",
    "user": [
      "roger"
    ],
    "vigencia_inicio": "2022-03-01",
    "vigencia_fim": "2022-12-30",
    "numero_parcelas": 12,
    "objetivo_proposto": "<p>Coordenar e supervisionar os servi&ccedil;os contratados para consecu&ccedil;&atilde;o das metas previstas no campo da interven&ccedil;&atilde;o tecnol&oacute;gica; assessorar a Coordena&ccedil;&atilde;o Geral quanto ao monitoramento e avalia&ccedil;&atilde;o do desenvolvimento das a&ccedil;&otilde;es previstas no campo da interven&ccedil;&atilde;o tecnol&oacute;gica.</p>",
    "objetivo_proposto_obj": "<p>Obj. alcan&ccedil;ado: MONITORAMENTO E AVALIA&Ccedil;&Atilde;O da solu&ccedil;&atilde;o tecnol&oacute;gica em desenvolvimento.sd</p>",
    "dia_entrega": 0,
    "template": "templates/tpl2_ktI4urX.docx",
    "status": "Aguardando",
    "data_criacao": "2022-10-06T12:56:25.166Z",
    "template_default": false
  }
},
{
  "model": "website.projetorelatorio",
  "pk": 2,
  "fields": {
    "titulo": "FORMAÇÃO DE RECURSOS HUMANOS NA ÁREA DE INTELIGENCIA ARTIFICIAL",
    "user": [
      "roger"
    ],
    "vigencia_inicio": "2023-12-20",
    "vigencia_fim": "2023-02-20",
    "numero_parcelas": 14,
    "objetivo_proposto": "<p><span style=\"font-size: 9.0pt; mso-bidi-font-size: 14.0pt; font-family: 'Arial',sans-serif; mso-fareast-font-family: Arial; mso-ansi-language: PT-BR; mso-fareast-language: PT-BR; mso-bidi-language: AR-SA;\">Capacita&ccedil;&atilde;o e forma&ccedil;&atilde;o em recursos humanos na &aacute;rea de Intelig&ecirc;ncia Artificial, com foco em Sistema de Recomenda&ccedil;&atilde;o, especialmente para estudantes de gradua&ccedil;&atilde;o e p&oacute;s-gradua&ccedil;&atilde;o que estejam cursando ou tenham cursado alguma gradua&ccedil;&atilde;o na &aacute;rea de tecnologia. Essa iniciativa visa contribuir com a amplia&ccedil;&atilde;o da inova&ccedil;&atilde;o e o desenvolvimento do setor brasileiro de IA e </span><span style=\"font-size: 9.0pt; font-family: 'Arial',sans-serif; mso-fareast-font-family: Arial; mso-ansi-language: PT-BR; mso-fareast-language: PT-BR; mso-bidi-language: AR-SA; layout-grid-mode: line;\">contribuir para a inova&ccedil;&atilde;o e estreitamento da rela&ccedil;&atilde;o Academia-Ind&uacute;stria</span></p>",
    "objetivo_proposto_obj": "<p><span style=\"font-size: 9.0pt; font-family: 'Arial',sans-serif; mso-fareast-font-family: Arial; mso-ansi-language: PT-BR; mso-fareast-language: PT-BR; mso-bidi-language: AR-SA;\">Desenvolvimento de aplica&ccedil;&atilde;o em Intelig&ecirc;ncia Artificial e Sistema de Recomenda&ccedil;&atilde;o</span></p>",
    "dia_entrega": 0,
    "template": "templates/TemplateRTP_z2b3cCD.docx",
    "status": "Em andamento",
    "data_criacao": "2023-01-05T19:15:53.445Z",
    "template_default": false
  }
},
{
  "model": "website.relatorio",
  "pk": 27,
  "fields": {
    "projeto": 1,
    "resultado": "<p>Foi criado o protocolo para entrega de produtos da empresa contratada, visando garantir que o produto entregue pela empresa tenha total ader&ecirc;ncia ao produto<br>contratado.</p>",
    "informacao_adicional": "<p>Os artefatos necess&aacute;rios para entrega dos produtos s&atilde;o divididos em: &nbsp;Lista usu&aacute;rios<br>cadastrados, Capacita&ccedil;&otilde;es dos usu&aacute;rios, Documenta&ccedil;&atilde;o do sistema e Relat&oacute;rio de teste em<br>campo do sistema</p>",
    "data_vigencia": "2022-05-30",
    "data_assinatura": "2022-05-30",
    "parcela": 3,
    "assinatura": "",
    "doc": "docs/3-2022-05-30-Central QualiTOPAMA - Qualificação das A.docx"
  }
},
{
  "model": "website.relatorio",
  "pk": 28,
  "fields": {
    "projeto": 1,
    "resultado": "<p>Resultado obtido. Est&aacute; sendo acompanhado algumas atualiza&ccedil;&otilde;es a serem realizadas no sistema<br>de vigil&acirc;ncia sanit&aacute;ria, que s&atilde;o:</p>\r\n<p>Relat&oacute;rio de todas as situa&ccedil;&otilde;es por setor cadastradas e que eventualmente venham a ser<br>cadastradas;<br>Relat&oacute;rio das empresas cadastradas e exclu&iacute;das mensalmente;<br>Relat&oacute;rio das empresas que possuem pendencias nas assinaturas;<br>Relat&oacute;rio de visita por dia por setor e por t&eacute;cnico;<br>Relat&oacute;rio do quantitativo de empresas licenciadas mensalmente por setor e por atividade;<br>Adequa&ccedil;&atilde;o na licen&ccedil;a sanit&aacute;ria haja visto que algumas licen&ccedil;as, principalmente as<br>drogarias, necessitam de carimbos, conforme foto abaixo:<br>Adequa&ccedil;&atilde;o no relat&oacute;rio consulta de estabelecimento, acrescentar CNPJ para ficar mais<br>f&aacute;cil a consulta;<br>Relat&oacute;rio que demonstre quem fez altera&ccedil;&atilde;o em um processo, quem inativou, quem<br>excluiu etc;<br>Adequa&ccedil;&atilde;o no tamanho dos arquivos anexados, tendo em vista que possuem processo em<br>que s&oacute; o contrato social atinge uns 20MB. Dentro da possibilidade verificar o tamanho<br>m&aacute;ximo.</p>",
    "informacao_adicional": "",
    "data_vigencia": "2022-06-30",
    "data_assinatura": "2022-06-30",
    "parcela": 4,
    "assinatura": "",
    "doc": "docs/4-2022-06-30-Central QualiTOPAMA - Qualificação das A.docx"
  }
},
{
  "model": "website.relatorio",
  "pk": 29,
  "fields": {
    "projeto": 1,
    "resultado": "<p>Resultado obtido. O munic&iacute;pio de Marab&aacute; realizou a checagem das novas funcionalidades<br>implantadas no sistema de vigil&acirc;ncia sanit&aacute;ria, e certificou que as funcionalidades abaixo<br>atendem a expectativa:<br> Lista dos operadores que exclu&iacute;ram Documentos, Processos, Visitas...<br> Permitir digitar o per&iacute;odo da visita do operador;<br> Especifica&ccedil;&atilde;o do Bairro a ser visitado;<br> Lista de CNPJ de outros munic&iacute;pios;<br><br></p>",
    "informacao_adicional": "",
    "data_vigencia": "2022-07-30",
    "data_assinatura": "2022-07-30",
    "parcela": 5,
    "assinatura": "",
    "doc": ""
  }
},
{
  "model": "website.relatorio",
  "pk": 30,
  "fields": {
    "projeto": 1,
    "resultado": "<p>Resultados obtidos.&nbsp; Entre os dias 24/08/2022 e 27/08/2022, foi realizada visita t&eacute;cnica nos municipios de Itupiranga, Marab&aacute; e Rondon do Par&aacute;,&nbsp; na ocasi&atilde;o foi definido que o munic&iacute;pio de Marab&aacute; ter&aacute; prioridade na implanta&ccedil;&atilde;o de todos os sistemas contratados, devido ao fato de ser o munic&iacute;pio mais avan&ccedil;ado no processo de implanta&ccedil;&atilde;o das ferramentas.</p>\r\n<p>O sistema de Vigil&acirc;ncia Sant&aacute;ria&nbsp; est&aacute; conclu&iacute;ndo o processo de implanta&ccedil;&atilde;o, restando apenas a valida&ccedil;&atilde;o em campo do mesmo.</p>\r\n<p>&nbsp;</p>",
    "informacao_adicional": "",
    "data_vigencia": "2022-08-31",
    "data_assinatura": "2022-09-06",
    "parcela": 6,
    "assinatura": "",
    "doc": "docs/6-2022-08-31-Central QualiTOPAMA - Qualificação das A.docx"
  }
},
{
  "model": "website.relatorio",
  "pk": 31,
  "fields": {
    "projeto": 1,
    "resultado": "<p class=\"card-text text-break\">Resultado:</p>\r\n<p>Resultados obtidos.&nbsp; O sistema de apoio aos Agentes de Controle de Endemias come&ccedil;ou a ser implantado no municipio de Rondon do Par&aacute;, todos os agentes cadastrados e devidamente treinados, passando a operar com tablets na coleta de informa&ccedil;&atilde;o durante as visitas. Os agentes realizaram os primeiros testes em campo.</p>\r\n<p>&nbsp;No municipio de Itupiranga&nbsp; tambem est&aacute; sendo implantado o sistema para os ACE, os cadastros e treinamentos j&aacute; foram realizados.</p>",
    "informacao_adicional": "",
    "data_vigencia": "2022-09-30",
    "data_assinatura": "2022-10-06",
    "parcela": 7,
    "assinatura": "",
    "doc": "docs/7-setembro-Central QualiTOPAMA - Qualificação das A.docx"
  }
},
{
  "model": "website.relatorio",
  "pk": 32,
  "fields": {
    "projeto": 1,
    "resultado": "<p>O modulo de sa&uacute;de da mulher entrou na fase de testes junto a secretaria municipal de saude no munic&iacute;pio de Marab&aacute; no dia 15/10/2022, na ocasi&atilde;o fora disponibilizado o banco de dados do e-sus, para que se podesse gerar os indicadores de sa&uacute;de da mulher. Tambem foi realizado o treinamento dos coordenadores das unidades de aten&ccedil;&atilde;o basica de sa&uacute;de no municipio em tela.</p>",
    "informacao_adicional": "",
    "data_vigencia": "2022-10-31",
    "data_assinatura": "2022-11-08",
    "parcela": 8,
    "assinatura": "",
    "doc": "docs/8-outubro-Central QualiTOPAMA - Qualificação das A.docx"
  }
},
{
  "model": "website.relatorio",
  "pk": 33,
  "fields": {
    "projeto": 1,
    "resultado": "<p class=\"MsoNormal\">Implanta&ccedil;&atilde;o no estado do Tocantins come&ccedil;ou pelo munic&iacute;pio de Anan&aacute;s , que optou pela implanta&ccedil;&atilde;o do sistema de apoio aos agentes de endemias, foi realizado o devido treinamento dos agentes e gestores&nbsp;do munic&iacute;pio em tela.</p>\r\n<p class=\"MsoNormal\">Outra a&ccedil;&atilde;o foi inicio das tratativas de implanta&ccedil;&atilde;o das solu&ccedil;&otilde;es do projeto no munic&iacute;pio de A&ccedil;ail&acirc;ndia no Maranh&atilde;o.</p>",
    "informacao_adicional": "",
    "data_vigencia": "2022-11-30",
    "data_assinatura": "2022-12-04",
    "parcela": 9,
    "assinatura": "",
    "doc": "docs/9-novembro-Central QualiTOPAMA - Qualificação das A.docx"
  }
},
{
  "model": "website.relatorio",
  "pk": 34,
  "fields": {
    "projeto": 1,
    "resultado": "<p>O processo de implanta&ccedil;&atilde;o dos sistemas Apoio a controle de endemias e Vigil&acirc;ncia sanit&aacute;ria, foi realizado no munic&iacute;pio de Piraqu&ecirc;, com apresenta&ccedil;&atilde;o dos sistemas, cadastro dos operadores e treinamento dos usu&aacute;rios.&nbsp;</p>",
    "informacao_adicional": "",
    "data_vigencia": "2022-12-31",
    "data_assinatura": "2023-01-02",
    "parcela": 10,
    "assinatura": "",
    "doc": "docs/10-dezembro-Central QualiTOPAMA - Qualificação das A.docx"
  }
},
{
  "model": "website.relatorio",
  "pk": 36,
  "fields": {
    "projeto": 2,
    "resultado": "<p>Conclus&atilde;o da forma&ccedil;ao de equipe e defini&ccedil;&atilde;o quanto &agrave; arquitetura do sistena que ser&aacute; desenvolvido no ambito do projeto</p>",
    "informacao_adicional": "",
    "data_vigencia": "2023-01-31",
    "data_assinatura": "2023-02-02",
    "parcela": 1,
    "assinatura": "",
    "doc": "docs/1-janeiro-FORMAÇÃO DE RECURSOS HUMANOS NA ÁREA DE .docx"
  }
},
{
  "model": "website.templates",
  "pk": 1,
  "fields": {
    "nome": "RTP",
    "descricao": "Relatório Técnico Parcial",
    "template": "templates/tpl_rtp_lUL7ugM.docx"
  }
},
{
  "model": "website.templates",
  "pk": 2,
  "fields": {
    "nome": "Relatório Final",
    "descricao": "Relatório de Conclusão do sistema",
    "template": "templates/tplRelatorioFinal_nZhkM3M.docx"
  }
},
{
  "model": "admin.logentry",
  "pk": 1,
  "fields": {
    "action_time": "2022-06-20T14:24:13.097Z",
    "user": [
      "roger"
    ],
    "content_type": [
      "website",
      "contato"
    ],
    "object_id": "1",
    "object_repr": "Rogerio nogueira",
    "action_flag": 1,
    "change_message": "[{\"added\": {}}]"
  }
},
{
  "model": "admin.logentry",
  "pk": 2,
  "fields": {
    "action_time": "2022-06-20T14:24:33.809Z",
    "user": [
      "roger"
    ],
    "content_type": [
      "website",
      "contato"
    ],
    "object_id": "2",
    "object_repr": "Jacqueline Rodrigues",
    "action_flag": 1,
    "change_message": "[{\"added\": {}}]"
  }
},
{
  "model": "admin.logentry",
  "pk": 3,
  "fields": {
    "action_time": "2022-06-20T14:24:51.563Z",
    "user": [
      "roger"
    ],
    "content_type": [
      "website",
      "contato"
    ],
    "object_id": "3",
    "object_repr": "Lavínia Nogueira",
    "action_flag": 1,
    "change_message": "[{\"added\": {}}]"
  }
},
{
  "model": "admin.logentry",
  "pk": 4,
  "fields": {
    "action_time": "2022-06-20T14:25:19.608Z",
    "user": [
      "roger"
    ],
    "content_type": [
      "website",
      "categoria_publicacao"
    ],
    "object_id": "1",
    "object_repr": "RedCap",
    "action_flag": 1,
    "change_message": "[{\"added\": {}}]"
  }
},
{
  "model": "admin.logentry",
  "pk": 5,
  "fields": {
    "action_time": "2022-06-20T14:41:53.468Z",
    "user": [
      "roger"
    ],
    "content_type": [
      "website",
      "categoria_publicacao"
    ],
    "object_id": "2",
    "object_repr": "Cadastro de usuário",
    "action_flag": 1,
    "change_message": "[{\"added\": {}}]"
  }
},
{
  "model": "admin.logentry",
  "pk": 6,
  "fields": {
    "action_time": "2022-06-20T14:42:51.104Z",
    "user": [
      "roger"
    ],
    "content_type": [
      "website",
      "servico"
    ],
    "object_id": "1",
    "object_repr": "cadastro",
    "action_flag": 1,
    "change_message": "[{\"added\": {}}]"
  }
},
{
  "model": "admin.logentry",
  "pk": 7,
  "fields": {
    "action_time": "2022-06-20T14:43:31.872Z",
    "user": [
      "roger"
    ],
    "content_type": [
      "website",
      "tipoprojeto"
    ],
    "object_id": "1",
    "object_repr": "Historico object (1)",
    "action_flag": 1,
    "change_message": "[{\"added\": {}}]"
  }
},
{
  "model": "admin.logentry",
  "pk": 8,
  "fields": {
    "action_time": "2022-06-20T14:45:18.732Z",
    "user": [
      "roger"
    ],
    "content_type": [
      "website",
      "servico"
    ],
    "object_id": "2",
    "object_repr": "Solicito, caso senha possível, a criação do e-mail institucional, comais@uft.edu.br, para o laboratório COMAIS, tal e-m",
    "action_flag": 1,
    "change_message": "[{\"added\": {}}]"
  }
},
{
  "model": "admin.logentry",
  "pk": 9,
  "fields": {
    "action_time": "2022-06-21T15:16:30.183Z",
    "user": [
      "roger"
    ],
    "content_type": [
      "website",
      "servico"
    ],
    "object_id": "2",
    "object_repr": "Solicito, caso senha possível, a criação do e-mail institucional, comais@uft.edu.br, para o laboratório COMAIS, tal e-m",
    "action_flag": 2,
    "change_message": "[{\"changed\": {\"fields\": [\"Servico\"]}}]"
  }
},
{
  "model": "admin.logentry",
  "pk": 10,
  "fields": {
    "action_time": "2022-06-21T15:16:35.044Z",
    "user": [
      "roger"
    ],
    "content_type": [
      "website",
      "servico"
    ],
    "object_id": "1",
    "object_repr": "cadastro",
    "action_flag": 2,
    "change_message": "[{\"changed\": {\"fields\": [\"Servico\"]}}]"
  }
},
{
  "model": "admin.logentry",
  "pk": 11,
  "fields": {
    "action_time": "2022-06-24T21:53:31.588Z",
    "user": [
      "roger"
    ],
    "content_type": [
      "website",
      "servico"
    ],
    "object_id": "2",
    "object_repr": "Solicito, caso senha possível, a criação do e-mail institucional, comais@uft.edu.br, para o laboratório COMAIS, tal e-m",
    "action_flag": 3,
    "change_message": ""
  }
},
{
  "model": "admin.logentry",
  "pk": 12,
  "fields": {
    "action_time": "2022-06-24T21:53:31.655Z",
    "user": [
      "roger"
    ],
    "content_type": [
      "website",
      "servico"
    ],
    "object_id": "1",
    "object_repr": "cadastro",
    "action_flag": 3,
    "change_message": ""
  }
},
{
  "model": "admin.logentry",
  "pk": 13,
  "fields": {
    "action_time": "2022-06-24T21:58:17.587Z",
    "user": [
      "roger"
    ],
    "content_type": [
      "website",
      "servico"
    ],
    "object_id": "1",
    "object_repr": "Criação de usuário para acesso ao RedCap",
    "action_flag": 1,
    "change_message": "[{\"added\": {}}]"
  }
},
{
  "model": "admin.logentry",
  "pk": 14,
  "fields": {
    "action_time": "2022-06-24T21:59:40.659Z",
    "user": [
      "roger"
    ],
    "content_type": [
      "website",
      "servico"
    ],
    "object_id": "2",
    "object_repr": "Cadastrar projeto no site COMAIS",
    "action_flag": 1,
    "change_message": "[{\"added\": {}}]"
  }
},
{
  "model": "admin.logentry",
  "pk": 15,
  "fields": {
    "action_time": "2022-06-30T14:08:36.805Z",
    "user": [
      "roger"
    ],
    "content_type": [
      "auth",
      "user"
    ],
    "object_id": "2",
    "object_repr": "roger@mail.uft.edu.br",
    "action_flag": 1,
    "change_message": "[{\"added\": {}}]"
  }
},
{
  "model": "admin.logentry",
  "pk": 16,
  "fields": {
    "action_time": "2022-06-30T14:10:30.991Z",
    "user": [
      "roger"
    ],
    "content_type": [
      "auth",
      "user"
    ],
    "object_id": "1",
    "object_repr": "roger",
    "action_flag": 2,
    "change_message": "[{\"changed\": {\"fields\": [\"password\"]}}]"
  }
},
{
  "model": "admin.logentry",
  "pk": 17,
  "fields": {
    "action_time": "2022-07-01T00:28:05.578Z",
    "user": [
      "roger"
    ],
    "content_type": [
      "auth",
      "user"
    ],
    "object_id": "3",
    "object_repr": "rogernogueira",
    "action_flag": 2,
    "change_message": "[{\"changed\": {\"fields\": [\"password\"]}}]"
  }
},
{
  "model": "admin.logentry",
  "pk": 18,
  "fields": {
    "action_time": "2022-07-07T00:09:02.147Z",
    "user": [
      "roger"
    ],
    "content_type": [
      "website",
      "publicacao"
    ],
    "object_id": "1",
    "object_repr": "Processamento de Linguagem Natural",
    "action_flag": 1,
    "change_message": "[{\"added\": {}}]"
  }
},
{
  "model": "admin.logentry",
  "pk": 19,
  "fields": {
    "action_time": "2022-07-07T00:09:24.612Z",
    "user": [
      "roger"
    ],
    "content_type": [
      "website",
      "publicacao"
    ],
    "object_id": "2",
    "object_repr": "Visão Computacional",
    "action_flag": 1,
    "change_message": "[{\"added\": {}}]"
  }
},
{
  "model": "admin.logentry",
  "pk": 20,
  "fields": {
    "action_time": "2022-07-07T00:09:31.867Z",
    "user": [
      "roger"
    ],
    "content_type": [
      "website",
      "publicacao"
    ],
    "object_id": "3",
    "object_repr": "Outros",
    "action_flag": 1,
    "change_message": "[{\"added\": {}}]"
  }
},
{
  "model": "admin.logentry",
  "pk": 21,
  "fields": {
    "action_time": "2022-07-07T00:09:47.504Z",
    "user": [
      "roger"
    ],
    "content_type": [
      "website",
      "publicacao"
    ],
    "object_id": "4",
    "object_repr": "Agricultura de precisão",
    "action_flag": 1,
    "change_message": "[{\"added\": {}}]"
  }
},
{
  "model": "admin.logentry",
  "pk": 22,
  "fields": {
    "action_time": "2022-07-07T00:10:25.239Z",
    "user": [
      "roger"
    ],
    "content_type": [
      "website",
      "publicacao"
    ],
    "object_id": "4",
    "object_repr": "Agricultura de Precisão",
    "action_flag": 2,
    "change_message": "[{\"changed\": {\"fields\": [\"Type\"]}}]"
  }
},
{
  "model": "admin.logentry",
  "pk": 23,
  "fields": {
    "action_time": "2022-07-07T00:39:24.764Z",
    "user": [
      "roger"
    ],
    "content_type": [
      "website",
      "publicacao"
    ],
    "object_id": "5",
    "object_repr": "Analise de sentimentos",
    "action_flag": 1,
    "change_message": "[{\"added\": {}}]"
  }
},
{
  "model": "admin.logentry",
  "pk": 24,
  "fields": {
    "action_time": "2022-07-07T00:53:01.085Z",
    "user": [
      "roger"
    ],
    "content_type": [
      "website",
      "projeto"
    ],
    "object_id": "1",
    "object_repr": "Gnos",
    "action_flag": 1,
    "change_message": "[{\"added\": {}}]"
  }
},
{
  "model": "admin.logentry",
  "pk": 25,
  "fields": {
    "action_time": "2022-07-07T01:00:35.240Z",
    "user": [
      "roger"
    ],
    "content_type": [
      "website",
      "projeto"
    ],
    "object_id": "2",
    "object_repr": "MinerJus",
    "action_flag": 1,
    "change_message": "[{\"added\": {}}]"
  }
},
{
  "model": "admin.logentry",
  "pk": 26,
  "fields": {
    "action_time": "2022-07-07T01:11:07.475Z",
    "user": [
      "roger"
    ],
    "content_type": [
      "website",
      "projeto"
    ],
    "object_id": "3",
    "object_repr": "SmartReview",
    "action_flag": 1,
    "change_message": "[{\"added\": {}}]"
  }
},
{
  "model": "admin.logentry",
  "pk": 27,
  "fields": {
    "action_time": "2022-07-07T01:40:58.907Z",
    "user": [
      "roger"
    ],
    "content_type": [
      "website",
      "projeto"
    ],
    "object_id": "1",
    "object_repr": "Gnos",
    "action_flag": 2,
    "change_message": "[{\"changed\": {\"fields\": [\"Descri\\u00e7\\u00e3o\"]}}]"
  }
},
{
  "model": "admin.logentry",
  "pk": 28,
  "fields": {
    "action_time": "2022-07-07T21:46:39.019Z",
    "user": [
      "roger"
    ],
    "content_type": [
      "website",
      "publicacao"
    ],
    "object_id": "5",
    "object_repr": "Analise de sentimentos",
    "action_flag": 2,
    "change_message": "[]"
  }
},
{
  "model": "admin.logentry",
  "pk": 29,
  "fields": {
    "action_time": "2022-07-07T21:46:53.603Z",
    "user": [
      "roger"
    ],
    "content_type": [
      "website",
      "publicacao"
    ],
    "object_id": "1",
    "object_repr": "Processamento de Linguagem Natural",
    "action_flag": 2,
    "change_message": "[{\"changed\": {\"fields\": [\"Filter\"]}}]"
  }
},
{
  "model": "admin.logentry",
  "pk": 30,
  "fields": {
    "action_time": "2022-07-07T21:47:03.817Z",
    "user": [
      "roger"
    ],
    "content_type": [
      "website",
      "publicacao"
    ],
    "object_id": "2",
    "object_repr": "Visão Computacional",
    "action_flag": 2,
    "change_message": "[{\"changed\": {\"fields\": [\"Filter\"]}}]"
  }
},
{
  "model": "admin.logentry",
  "pk": 31,
  "fields": {
    "action_time": "2022-07-07T21:47:15.973Z",
    "user": [
      "roger"
    ],
    "content_type": [
      "website",
      "publicacao"
    ],
    "object_id": "3",
    "object_repr": "Outros",
    "action_flag": 2,
    "change_message": "[]"
  }
},
{
  "model": "admin.logentry",
  "pk": 32,
  "fields": {
    "action_time": "2022-07-07T22:14:20.290Z",
    "user": [
      "roger"
    ],
    "content_type": [
      "website",
      "publicacao"
    ],
    "object_id": "5",
    "object_repr": "Analise de sentimentos",
    "action_flag": 2,
    "change_message": "[{\"changed\": {\"fields\": [\"Filter\"]}}]"
  }
},
{
  "model": "admin.logentry",
  "pk": 33,
  "fields": {
    "action_time": "2022-07-07T22:14:26.528Z",
    "user": [
      "roger"
    ],
    "content_type": [
      "website",
      "publicacao"
    ],
    "object_id": "1",
    "object_repr": "Processamento de Linguagem Natural",
    "action_flag": 2,
    "change_message": "[{\"changed\": {\"fields\": [\"Filter\"]}}]"
  }
},
{
  "model": "admin.logentry",
  "pk": 34,
  "fields": {
    "action_time": "2022-07-07T22:14:31.972Z",
    "user": [
      "roger"
    ],
    "content_type": [
      "website",
      "publicacao"
    ],
    "object_id": "2",
    "object_repr": "Visão Computacional",
    "action_flag": 2,
    "change_message": "[{\"changed\": {\"fields\": [\"Filter\"]}}]"
  }
},
{
  "model": "admin.logentry",
  "pk": 35,
  "fields": {
    "action_time": "2022-07-12T02:44:39.607Z",
    "user": [
      "roger"
    ],
    "content_type": [
      "website",
      "ocorrencia"
    ],
    "object_id": "1",
    "object_repr": "David Nadler Prata",
    "action_flag": 1,
    "change_message": "[{\"added\": {}}]"
  }
},
{
  "model": "admin.logentry",
  "pk": 36,
  "fields": {
    "action_time": "2022-07-12T02:48:03.753Z",
    "user": [
      "roger"
    ],
    "content_type": [
      "website",
      "ocorrencia"
    ],
    "object_id": "2",
    "object_repr": "Gentil Veloso Barbosa",
    "action_flag": 1,
    "change_message": "[{\"added\": {}}]"
  }
},
{
  "model": "admin.logentry",
  "pk": 37,
  "fields": {
    "action_time": "2022-07-12T02:48:48.857Z",
    "user": [
      "roger"
    ],
    "content_type": [
      "website",
      "ocorrencia"
    ],
    "object_id": "3",
    "object_repr": "Marcelo Lisboa",
    "action_flag": 1,
    "change_message": "[{\"added\": {}}]"
  }
},
{
  "model": "admin.logentry",
  "pk": 38,
  "fields": {
    "action_time": "2022-07-12T02:48:59.161Z",
    "user": [
      "roger"
    ],
    "content_type": [
      "website",
      "ocorrencia"
    ],
    "object_id": "3",
    "object_repr": "Dr. Marcelo Lisboa",
    "action_flag": 2,
    "change_message": "[{\"changed\": {\"fields\": [\"Nome\"]}}]"
  }
},
{
  "model": "admin.logentry",
  "pk": 39,
  "fields": {
    "action_time": "2022-07-12T02:49:06.005Z",
    "user": [
      "roger"
    ],
    "content_type": [
      "website",
      "ocorrencia"
    ],
    "object_id": "2",
    "object_repr": "Dr. Gentil Veloso Barbosa",
    "action_flag": 2,
    "change_message": "[{\"changed\": {\"fields\": [\"Nome\"]}}]"
  }
},
{
  "model": "admin.logentry",
  "pk": 40,
  "fields": {
    "action_time": "2022-07-12T02:49:14.204Z",
    "user": [
      "roger"
    ],
    "content_type": [
      "website",
      "ocorrencia"
    ],
    "object_id": "1",
    "object_repr": "Dr. David Nadler Prata",
    "action_flag": 2,
    "change_message": "[{\"changed\": {\"fields\": [\"Nome\"]}}]"
  }
},
{
  "model": "admin.logentry",
  "pk": 41,
  "fields": {
    "action_time": "2022-07-12T02:53:46.750Z",
    "user": [
      "roger"
    ],
    "content_type": [
      "website",
      "ocorrencia"
    ],
    "object_id": "4",
    "object_repr": "Msc. Rogério Nogueira",
    "action_flag": 1,
    "change_message": "[{\"added\": {}}]"
  }
},
{
  "model": "admin.logentry",
  "pk": 42,
  "fields": {
    "action_time": "2022-07-12T03:11:48.145Z",
    "user": [
      "roger"
    ],
    "content_type": [
      "website",
      "ocorrencia"
    ],
    "object_id": "5",
    "object_repr": "Dr. Humberto Xavier",
    "action_flag": 1,
    "change_message": "[{\"added\": {}}]"
  }
},
{
  "model": "admin.logentry",
  "pk": 43,
  "fields": {
    "action_time": "2022-07-12T14:00:19.971Z",
    "user": [
      "roger"
    ],
    "content_type": [
      "website",
      "ocorrencia"
    ],
    "object_id": "4",
    "object_repr": "Msc. Rogério Nogueira",
    "action_flag": 2,
    "change_message": "[{\"changed\": {\"fields\": [\"Foto\"]}}]"
  }
},
{
  "model": "admin.logentry",
  "pk": 44,
  "fields": {
    "action_time": "2022-07-12T15:14:18.591Z",
    "user": [
      "roger"
    ],
    "content_type": [
      "website",
      "ocorrencia"
    ],
    "object_id": "6",
    "object_repr": "Waldecy Rodrigues",
    "action_flag": 1,
    "change_message": "[{\"added\": {}}]"
  }
},
{
  "model": "admin.logentry",
  "pk": 45,
  "fields": {
    "action_time": "2022-07-12T15:15:02.278Z",
    "user": [
      "roger"
    ],
    "content_type": [
      "website",
      "ocorrencia"
    ],
    "object_id": "6",
    "object_repr": "Dr. Waldecy Rodrigues",
    "action_flag": 2,
    "change_message": "[{\"changed\": {\"fields\": [\"Nome\"]}}]"
  }
},
{
  "model": "admin.logentry",
  "pk": 46,
  "fields": {
    "action_time": "2022-07-12T15:16:29.828Z",
    "user": [
      "roger"
    ],
    "content_type": [
      "website",
      "ocorrencia"
    ],
    "object_id": "6",
    "object_repr": "Dr. Waldecy Rodrigues",
    "action_flag": 2,
    "change_message": "[{\"changed\": {\"fields\": [\"Foto\"]}}]"
  }
},
{
  "model": "admin.logentry",
  "pk": 47,
  "fields": {
    "action_time": "2022-07-12T16:03:59.538Z",
    "user": [
      "roger"
    ],
    "content_type": [
      "website",
      "ocorrencia"
    ],
    "object_id": "7",
    "object_repr": "Daneila Trevisan",
    "action_flag": 1,
    "change_message": "[{\"added\": {}}]"
  }
},
{
  "model": "admin.logentry",
  "pk": 48,
  "fields": {
    "action_time": "2022-07-12T16:06:50.661Z",
    "user": [
      "roger"
    ],
    "content_type": [
      "website",
      "ocorrencia"
    ],
    "object_id": "4",
    "object_repr": "Me. Rogério Nogueira",
    "action_flag": 2,
    "change_message": "[{\"changed\": {\"fields\": [\"Nome\"]}}]"
  }
},
{
  "model": "admin.logentry",
  "pk": 49,
  "fields": {
    "action_time": "2022-07-12T16:07:04.320Z",
    "user": [
      "roger"
    ],
    "content_type": [
      "website",
      "ocorrencia"
    ],
    "object_id": "7",
    "object_repr": "Ma. Daneila Trevisan",
    "action_flag": 2,
    "change_message": "[{\"changed\": {\"fields\": [\"Nome\"]}}]"
  }
},
{
  "model": "admin.logentry",
  "pk": 50,
  "fields": {
    "action_time": "2022-07-12T16:33:47.961Z",
    "user": [
      "roger"
    ],
    "content_type": [
      "website",
      "ocorrencia"
    ],
    "object_id": "8",
    "object_repr": "Carlos Augusto Cavalcanti",
    "action_flag": 1,
    "change_message": "[{\"added\": {}}]"
  }
},
{
  "model": "admin.logentry",
  "pk": 51,
  "fields": {
    "action_time": "2022-07-13T12:24:31.935Z",
    "user": [
      "roger"
    ],
    "content_type": [
      "website",
      "colaborador"
    ],
    "object_id": "1",
    "object_repr": "Artigo Publicado em Periódico",
    "action_flag": 1,
    "change_message": "[{\"added\": {}}]"
  }
},
{
  "model": "admin.logentry",
  "pk": 52,
  "fields": {
    "action_time": "2022-07-13T12:26:50.247Z",
    "user": [
      "roger"
    ],
    "content_type": [
      "website",
      "colaborador"
    ],
    "object_id": "2",
    "object_repr": "Artigo Publicado em Anais de Congresso",
    "action_flag": 1,
    "change_message": "[{\"added\": {}}]"
  }
},
{
  "model": "admin.logentry",
  "pk": 53,
  "fields": {
    "action_time": "2022-07-13T12:27:04.206Z",
    "user": [
      "roger"
    ],
    "content_type": [
      "website",
      "colaborador"
    ],
    "object_id": "3",
    "object_repr": "Atividade de Extensão",
    "action_flag": 1,
    "change_message": "[{\"added\": {}}]"
  }
},
{
  "model": "admin.logentry",
  "pk": 54,
  "fields": {
    "action_time": "2022-07-13T12:27:16.860Z",
    "user": [
      "roger"
    ],
    "content_type": [
      "website",
      "colaborador"
    ],
    "object_id": "4",
    "object_repr": "Capítulo de Livro",
    "action_flag": 1,
    "change_message": "[{\"added\": {}}]"
  }
},
{
  "model": "admin.logentry",
  "pk": 55,
  "fields": {
    "action_time": "2022-07-13T12:27:22.886Z",
    "user": [
      "roger"
    ],
    "content_type": [
      "website",
      "colaborador"
    ],
    "object_id": "5",
    "object_repr": "Certificado",
    "action_flag": 1,
    "change_message": "[{\"added\": {}}]"
  }
},
{
  "model": "admin.logentry",
  "pk": 56,
  "fields": {
    "action_time": "2022-07-13T12:27:32.141Z",
    "user": [
      "roger"
    ],
    "content_type": [
      "website",
      "colaborador"
    ],
    "object_id": "6",
    "object_repr": "Trabalho de Conclusão de Curso",
    "action_flag": 1,
    "change_message": "[{\"added\": {}}]"
  }
},
{
  "model": "admin.logentry",
  "pk": 57,
  "fields": {
    "action_time": "2022-07-13T12:27:41.647Z",
    "user": [
      "roger"
    ],
    "content_type": [
      "website",
      "colaborador"
    ],
    "object_id": "7",
    "object_repr": "Dissertação de Mestrado",
    "action_flag": 1,
    "change_message": "[{\"added\": {}}]"
  }
},
{
  "model": "admin.logentry",
  "pk": 58,
  "fields": {
    "action_time": "2022-07-13T12:27:48.613Z",
    "user": [
      "roger"
    ],
    "content_type": [
      "website",
      "colaborador"
    ],
    "object_id": "8",
    "object_repr": "Livro",
    "action_flag": 1,
    "change_message": "[{\"added\": {}}]"
  }
},
{
  "model": "admin.logentry",
  "pk": 59,
  "fields": {
    "action_time": "2022-07-13T12:27:55.384Z",
    "user": [
      "roger"
    ],
    "content_type": [
      "website",
      "colaborador"
    ],
    "object_id": "9",
    "object_repr": "Carta-Patente",
    "action_flag": 1,
    "change_message": "[{\"added\": {}}]"
  }
},
{
  "model": "admin.logentry",
  "pk": 60,
  "fields": {
    "action_time": "2022-07-13T12:28:03.717Z",
    "user": [
      "roger"
    ],
    "content_type": [
      "website",
      "colaborador"
    ],
    "object_id": "10",
    "object_repr": "Pedido de Patente",
    "action_flag": 1,
    "change_message": "[{\"added\": {}}]"
  }
},
{
  "model": "admin.logentry",
  "pk": 61,
  "fields": {
    "action_time": "2022-07-13T12:28:09.192Z",
    "user": [
      "roger"
    ],
    "content_type": [
      "website",
      "colaborador"
    ],
    "object_id": "11",
    "object_repr": "Prêmio",
    "action_flag": 1,
    "change_message": "[{\"added\": {}}]"
  }
},
{
  "model": "admin.logentry",
  "pk": 62,
  "fields": {
    "action_time": "2022-07-13T12:28:18.400Z",
    "user": [
      "roger"
    ],
    "content_type": [
      "website",
      "colaborador"
    ],
    "object_id": "12",
    "object_repr": "Programa de Computador",
    "action_flag": 1,
    "change_message": "[{\"added\": {}}]"
  }
},
{
  "model": "admin.logentry",
  "pk": 63,
  "fields": {
    "action_time": "2022-07-13T12:28:28.418Z",
    "user": [
      "roger"
    ],
    "content_type": [
      "website",
      "colaborador"
    ],
    "object_id": "13",
    "object_repr": "Projeto de Qualificação de Doutorado",
    "action_flag": 1,
    "change_message": "[{\"added\": {}}]"
  }
},
{
  "model": "admin.logentry",
  "pk": 64,
  "fields": {
    "action_time": "2022-07-13T12:28:36.498Z",
    "user": [
      "roger"
    ],
    "content_type": [
      "website",
      "colaborador"
    ],
    "object_id": "14",
    "object_repr": "Projeto de Qualificação de Mestrado",
    "action_flag": 1,
    "change_message": "[{\"added\": {}}]"
  }
},
{
  "model": "admin.logentry",
  "pk": 65,
  "fields": {
    "action_time": "2022-07-13T12:28:45.487Z",
    "user": [
      "roger"
    ],
    "content_type": [
      "website",
      "colaborador"
    ],
    "object_id": "15",
    "object_repr": "Tese de Doutorado",
    "action_flag": 1,
    "change_message": "[{\"added\": {}}]"
  }
},
{
  "model": "admin.logentry",
  "pk": 66,
  "fields": {
    "action_time": "2022-07-13T12:33:01.147Z",
    "user": [
      "roger"
    ],
    "content_type": [
      "website",
      "colaborador"
    ],
    "object_id": "16",
    "object_repr": "Produto Educacional",
    "action_flag": 1,
    "change_message": "[{\"added\": {}}]"
  }
},
{
  "model": "admin.logentry",
  "pk": 67,
  "fields": {
    "action_time": "2022-07-13T12:33:09.673Z",
    "user": [
      "roger"
    ],
    "content_type": [
      "website",
      "colaborador"
    ],
    "object_id": "17",
    "object_repr": "Manual",
    "action_flag": 1,
    "change_message": "[{\"added\": {}}]"
  }
},
{
  "model": "admin.logentry",
  "pk": 68,
  "fields": {
    "action_time": "2022-07-13T12:33:15.568Z",
    "user": [
      "roger"
    ],
    "content_type": [
      "website",
      "colaborador"
    ],
    "object_id": "18",
    "object_repr": "Protocolo",
    "action_flag": 1,
    "change_message": "[{\"added\": {}}]"
  }
},
{
  "model": "admin.logentry",
  "pk": 69,
  "fields": {
    "action_time": "2022-07-13T12:33:25.224Z",
    "user": [
      "roger"
    ],
    "content_type": [
      "website",
      "colaborador"
    ],
    "object_id": "19",
    "object_repr": "Relatório Técnico",
    "action_flag": 1,
    "change_message": "[{\"added\": {}}]"
  }
},
{
  "model": "admin.logentry",
  "pk": 70,
  "fields": {
    "action_time": "2022-07-13T12:33:34.916Z",
    "user": [
      "roger"
    ],
    "content_type": [
      "website",
      "colaborador"
    ],
    "object_id": "20",
    "object_repr": "Projeto Ad-Hoc",
    "action_flag": 1,
    "change_message": "[{\"added\": {}}]"
  }
},
{
  "model": "admin.logentry",
  "pk": 71,
  "fields": {
    "action_time": "2022-07-13T12:33:42.915Z",
    "user": [
      "roger"
    ],
    "content_type": [
      "website",
      "colaborador"
    ],
    "object_id": "21",
    "object_repr": "Apresentação de trabalho",
    "action_flag": 1,
    "change_message": "[{\"added\": {}}]"
  }
},
{
  "model": "admin.logentry",
  "pk": 72,
  "fields": {
    "action_time": "2022-07-13T12:33:55.074Z",
    "user": [
      "roger"
    ],
    "content_type": [
      "website",
      "colaborador"
    ],
    "object_id": "22",
    "object_repr": "Texto de jornal, notícia ou revista",
    "action_flag": 1,
    "change_message": "[{\"added\": {}}]"
  }
},
{
  "model": "admin.logentry",
  "pk": 73,
  "fields": {
    "action_time": "2022-07-14T20:32:44.089Z",
    "user": [
      "roger"
    ],
    "content_type": [
      "website",
      "projeto"
    ],
    "object_id": "3",
    "object_repr": "SmartReview",
    "action_flag": 2,
    "change_message": "[{\"changed\": {\"fields\": [\"Imagem 1\", \"Imagem 2\", \"Imagem 3\"]}}]"
  }
},
{
  "model": "admin.logentry",
  "pk": 74,
  "fields": {
    "action_time": "2022-08-15T16:31:43.647Z",
    "user": [
      "roger"
    ],
    "content_type": [
      "website",
      "publicacao"
    ],
    "object_id": "3",
    "object_repr": "Outros",
    "action_flag": 2,
    "change_message": "[]"
  }
},
{
  "model": "admin.logentry",
  "pk": 75,
  "fields": {
    "action_time": "2022-10-31T15:01:42.926Z",
    "user": [
      "roger"
    ],
    "content_type": [
      "website",
      "projeto"
    ],
    "object_id": "3",
    "object_repr": "SmartReview",
    "action_flag": 2,
    "change_message": "[{\"changed\": {\"fields\": [\"User\"]}}]"
  }
},
{
  "model": "admin.logentry",
  "pk": 76,
  "fields": {
    "action_time": "2022-10-31T15:01:59.122Z",
    "user": [
      "roger"
    ],
    "content_type": [
      "website",
      "projeto"
    ],
    "object_id": "1",
    "object_repr": "Gnos",
    "action_flag": 2,
    "change_message": "[{\"changed\": {\"fields\": [\"User\"]}}]"
  }
},
{
  "model": "admin.logentry",
  "pk": 77,
  "fields": {
    "action_time": "2022-10-31T15:02:10.285Z",
    "user": [
      "roger"
    ],
    "content_type": [
      "website",
      "projeto"
    ],
    "object_id": "3",
    "object_repr": "SmartReview",
    "action_flag": 2,
    "change_message": "[]"
  }
},
{
  "model": "admin.logentry",
  "pk": 78,
  "fields": {
    "action_time": "2022-10-31T15:02:23.402Z",
    "user": [
      "roger"
    ],
    "content_type": [
      "website",
      "projeto"
    ],
    "object_id": "2",
    "object_repr": "MinerJus",
    "action_flag": 2,
    "change_message": "[{\"changed\": {\"fields\": [\"User\"]}}]"
  }
},
{
  "model": "admin.logentry",
  "pk": 79,
  "fields": {
    "action_time": "2022-10-31T15:02:58.795Z",
    "user": [
      "roger"
    ],
    "content_type": [
      "website",
      "usuario"
    ],
    "object_id": "3",
    "object_repr": "Lavínia Nogueira",
    "action_flag": 3,
    "change_message": ""
  }
},
{
  "model": "admin.logentry",
  "pk": 80,
  "fields": {
    "action_time": "2022-10-31T15:02:58.889Z",
    "user": [
      "roger"
    ],
    "content_type": [
      "website",
      "usuario"
    ],
    "object_id": "2",
    "object_repr": "Jacqueline Rodrigues",
    "action_flag": 3,
    "change_message": ""
  }
},
{
  "model": "admin.logentry",
  "pk": 81,
  "fields": {
    "action_time": "2022-12-19T15:36:23.429Z",
    "user": [
      "roger"
    ],
    "content_type": [
      "website",
      "publicacao"
    ],
    "object_id": "4",
    "object_repr": "Geospatial Dimension in Association Rule Mining: The Case Study of the Amazon Charcoal Tree",
    "action_flag": 2,
    "change_message": "[{\"changed\": {\"fields\": [\"Ano\"]}}]"
  }
}
]
